subject_id,image_id,diagnosis,phase,visit,field_strength,series_description
002_S_2010,180310,EMCI,ADNI2/GO,scmri,3.0,MPRAGE
002_S_2043,191821,EMCI,ADNI2/GO,scmri,3.0,MPRAGE
002_S_2073,192256,EMCI,ADNI2/GO,scmri,3.0,MPRAGE
002_S_4171,249535,LMCI,ADNI2/GO,scmri,3.0,MPRAGE
002_S_4213,254582,CN,ADNI2/GO,scmri,3.0,MPRAGE
002_S_4219,256147,LMCI,ADNI2/GO,scmri,3.0,MPRAGE
002_S_4225,257270,CN,ADNI2/GO,scmri,3.0,MPRAGE
002_S_4229,257476,LMCI,ADNI2/GO,scmri,3.0,MPRAGE
002_S_4237,258443,EMCI,ADNI2/GO,scmri,3.0,MPRAGE
002_S_4251,258529,LMCI,ADNI2/GO,scmri,3.0,MPRAGE
002_S_4262,259653,CN,ADNI2/GO,scmri,3.0,MPRAGE
002_S_4264,259796,CN,ADNI2/GO,scmri,3.0,MPRAGE
002_S_4270,260581,CN,ADNI2/GO,scmri,3.0,MPRAGE
002_S_4447,278812,EMCI,ADNI2/GO,scmri,3.0,MPRAGE SENSE2
002_S_4473,283874,EMCI,ADNI2/GO,scmri,3.0,MPRAGE
002_S_4521,285808,LMCI,ADNI2/GO,scmri,3.0,MPRAGE
002_S_4654,296365,LMCI,ADNI2/GO,scmri,3.0,MPRAGE
002_S_4746,306887,LMCI,ADNI2/GO,scmri,3.0,MPRAGE
002_S_4799,311922,EMCI,ADNI2/GO,scmri,3.0,MPRAGE
002_S_5018,346242,AD,ADNI2/GO,scmri,3.0,MPRAGE
002_S_6007,835740,CN,ADNI3,sc,3.0,Accelerated Sagittal MPRAGE
002_S_6009,840235,CN,ADNI3,sc,3.0,Accelerated Sagittal MPRAGE
002_S_6030,861965,CN,ADNI3,sc,3.0,Accelerated Sagittal MPRAGE
002_S_6053,878146,CN,ADNI3,sc,3.0,Accelerated Sagittal MPRAGE
002_S_6066,892212,CN,ADNI3,sc,3.0,Accelerated Sagittal MPRAGE
002_S_6103,938767,CN,ADNI3,sc,3.0,Accelerated Sagittal MPRAGE
002_S_6404,1021530,CN,ADNI3,sc,3.0,Accelerated Sagittal MPRAGE
002_S_6456,1017836,CN,ADNI3,sc,3.0,Accelerated Sagittal MPRAGE
002_S_6652,1118713,EMCI,ADNI3,sc,3.0,Accelerated Sagittal MPRAGE
